{
  "mean": [
    585.6710432370561,
    -0.23608096744041515,
    -0.0670822770316847,
    0.2151931486641446,
    800.6836788399097,
    395.9814128369576,
    -0.29117055956396887,
    -0.05608268842360802,
    0.17336112676185372,
    668.840415929523,
    2051.3860457815945,
    0.7013501797833953,
    0.8634936066766791,
    0.9993212137524768,
    2056.607285987652,
    490.545251291573,
    0.3266152645228473,
    0.4422872629688204,
    0.26701424371556187,
    494.2500657910977
  ],
  "scale": [
    697.7467605877049,
    0.14695809035526655,
    0.3333893241070949,
    0.15113923362867585,
    1192.0296949258036,
    319.4014832378306,
    0.15779505254622994,
    0.3475117684514057,
    0.15100334281405878,
    969.2463706558754,
    3743.2674016464457,
    0.4388411499316437,
    0.3849696971391578,
    0.40709816369514673,
    3266.68844247532,
    959.7069047366149,
    0.09255297741332956,
    0.10115995256000716,
    0.07769961217483776,
    936.6253066828564
  ],
  "n_features": 20
}